FirstName,LastName,Login,Email,PhoneNumber
Джон,Johnson,jopa21,qwe@asf.com,32423324234
Джон,Johnson,jopa22,qwe@asf.com,32423324234
Джон,Johnson,jopa23,qwe@asf.com,32423324234
Джон,Johnson,jopa24,qwe@asf.com,32423324234
Джон,Johnson,jopa25,qwe@asf.com,32423324234
Джон,Johnson,jopa26,qwe@asf.com,32423324234
Джон,Johnson,jopa27,qwe@asf.com,32423324234
Джон,Johnson,jopa298,qwe@asf.com,32423324234
Джон,Johnson,jopa28,qwe@asf.com,32423324234
Джон,Johnson,jopa2423,qwe@asf.com,32423324234
Джон,Johnson,jopa232423,qwe@asf.com,32423324234
Джон,Johnson,jopa23242,qwe@asf.com,32423324234
Джон,Johnson,jopa2324,qwe@asf.com,32423324234
Джон,Johnson,jopa23242334,qwe@asf.com,32423324234
Джон,Johnson,jopa2434,qwe@asf.com,32423324234
Джон,Johnson,jopa2cxvxcdfsds,qwe@asf.com,32423324234
Джон,Johnson,jopa2xcvxc,qwe@asf.com,32423324234
Джон,Johnson,jopa2xcvxcv,qwe@asf.com,32423324234
Джон,Johnson,jopa2xcvx,qwe@asf.com,32423324234
Джон,Johnson,jopa2xcv,qwe@asf.com,32423324234
Джон,Johnson,jopa2xcv,qwe@asf.com,32423324234
Джон,Johnson,jopa2xcvxcvxcv,qwe@asf.com,32423324234
Джон,Johnson,jopa2xzccbcv,qwe@asf.com,32423324234
Джон,Johnson,jopa2cvbcv,qwe@asf.com,32423324234
Джон,Johnson,jopa2cvbcvnfd,qwe@asf.com,32423324234
Джон,Johnson,jopa2fdgdfg,qwe@asf.com,32423324234
Джон,Johnson,jopa2wqerqwe,qwe@asf.com,32423324234
Джон,Johnson,jopa2dasda,qwe@asf.com,32423324234
Джон,Johnson,jopa2dasasbfd,qwe@asf.com,32423324234
Джон,Johnson,jopa2erter,qwe@asf.com,32423324234
Джон,Johnson,jopa2ytutyu,qwe@asf.com,32423324234
Джон,Johnson,jopa2tyityi,qwe@asf.com,32423324234
Джон,Johnson,jopa2ytutyuty,qwe@asf.com,32423324234
Джон,Johnson,jopa2ytutyuty,qwe@asf.com,32423324234
Джон,Johnson,jopa2ytutyuty,qwe@asf.com,32423324234